{
    "swagger": "2.0",
    "info": {
        "version": "1.0.0",
        "title": "RTJOB-API",
        "description": "A minimal and easy to follow example of what you need to create a CRUD style API in NodeJs",
        "license": {
            "name": "MIT",
            "url": "https://opensource.org/licenses/MIT"
        }
    },
    "paths": {
        "/api/post/search": {
            "post": {
                "tags": [
                    "Post"
                ],
                "summary": "Get all posts with search",
                "responses": {
                    "200": {
                        "description": "OK",
                        "schema": {
                            "$ref": "#/definitions/Post"
                        }
                    }
                }
            }
        },
        "/api/post": {
            "post": {
                "tags": [
                    "Post"
                ],
                "summary": "Create new post",
                "responses": {
                    "200": {
                        "description": "OK",
                        "schema": {
                            "$ref": "#/definitions/Post"
                        }
                    }
                }
            },
            "patch": {
                "tags": [
                    "Post"
                ],
                "summary": "Update post",
                "responses": {
                    "200": {
                        "description": "OK",
                        "schema": {
                            "$ref": "#/definitions/Post"
                        }
                    }
                }
            },
            "delete": {
                "tags": [
                    "Post"
                ],
                "summary": "Delete post",
                "responses": {
                    "200": {
                        "description": "OK",
                        "schema": {
                            "$ref": "#/definitions/Post"
                        }
                    }
                }
            }
        },
        "/api/post?id={id}": {
            "get": {
                "tags": [
                    "Post"
                ],
                "parameters": [
                    {
                        "name": "name",
                        "in": "id",
                        "required": true,
                        "description": "Get id for filter",
                        "type": "string"
                    }
                ],
                "summary": "Get post detail by Id",
                "responses": {
                    "200": {
                        "description": "OK",
                        "schema": {
                            "$ref": "#/definitions/Post"
                        }
                    }
                }
            }
        }
    },
    "definitions": {
        "Post": {
            "type": "object",
            "properties": {
                "_id": {
                    "type": "string"
                },
                "title": {
                    "type": "string"
                },
                "description": {
                    "type": "string"
                }
            }
        }
    }
}